{"epoch": 1, "loss": 0.9}
{"epoch": 2, "loss": 0.8}
{"epoch": 3, "loss": 0.7}
{"epoch": 4, "loss": 0.6}
{"epoch": 5, "loss": 0.5}
{"epoch": 6, "loss": 0.4}
{"epoch": 7, "loss": 0.30000000000000004}
{"epoch": 8, "loss": 0.19999999999999996}
{"epoch": 9, "loss": 0.09999999999999998}
{"epoch": 10, "loss": 0.0}
{"epoch": 11, "loss": -0.10000000000000009}
{"epoch": 12, "loss": -0.19999999999999996}
{"epoch": 13, "loss": -0.30000000000000004}
{"epoch": 14, "loss": -0.3999999999999999}
{"epoch": 15, "loss": -0.5}
{"epoch": 16, "loss": -0.6000000000000001}
{"epoch": 17, "loss": -0.7}
{"epoch": 18, "loss": -0.8}
{"epoch": 19, "loss": -0.8999999999999999}
{"epoch": 20, "loss": -1.0}
{"epoch": 21, "loss": -1.1}
{"epoch": 22, "loss": -1.2000000000000002}
{"epoch": 23, "loss": -1.2999999999999998}
{"epoch": 24, "loss": -1.4}
{"epoch": 25, "loss": -1.5}
{"epoch": 26, "loss": -1.6}
{"epoch": 27, "loss": -1.7000000000000002}
{"epoch": 28, "loss": -1.7999999999999998}
{"epoch": 29, "loss": -1.9}
{"epoch": 30, "loss": -2.0}
{"epoch": 31, "loss": -2.1}
{"epoch": 32, "loss": -2.2}
{"epoch": 33, "loss": -2.3}
{"epoch": 34, "loss": -2.4}
{"epoch": 35, "loss": -2.5}
{"epoch": 36, "loss": -2.6}
{"epoch": 37, "loss": -2.7}
{"epoch": 38, "loss": -2.8}
{"epoch": 39, "loss": -2.9}
{"epoch": 40, "loss": -3.0}
{"epoch": 41, "loss": -3.0999999999999996}
