{"epoch": 1, "loss": 0.9}
{"epoch": 2, "loss": 0.8}
{"epoch": 3, "loss": 0.7}
{"epoch": 4, "loss": 0.6}
{"epoch": 5, "loss": 0.5}
{"epoch": 6, "loss": 0.4}
{"epoch": 7, "loss": 0.30000000000000004}
{"epoch": 8, "loss": 0.19999999999999996}
{"epoch": 9, "loss": 0.09999999999999998}
{"epoch": 10, "loss": 0.0}
{"epoch": 11, "loss": -0.10000000000000009}
{"epoch": 12, "loss": -0.19999999999999996}
{"epoch": 13, "loss": -0.30000000000000004}
{"epoch": 14, "loss": -0.3999999999999999}
{"epoch": 15, "loss": -0.5}
{"epoch": 16, "loss": -0.6000000000000001}
{"epoch": 17, "loss": -0.7}
{"epoch": 18, "loss": -0.8}
{"epoch": 19, "loss": -0.8999999999999999}
{"epoch": 20, "loss": -1.0}
{"epoch": 21, "loss": -1.1}
{"epoch": 22, "loss": -1.2000000000000002}
{"epoch": 23, "loss": -1.2999999999999998}
{"epoch": 24, "loss": -1.4}
{"epoch": 25, "loss": -1.5}
{"epoch": 26, "loss": -1.6}
{"epoch": 27, "loss": -1.7000000000000002}
{"epoch": 28, "loss": -1.7999999999999998}
{"epoch": 29, "loss": -1.9}
{"epoch": 30, "loss": -2.0}
{"epoch": 31, "loss": -2.1}
{"epoch": 32, "loss": -2.2}
{"epoch": 33, "loss": -2.3}
{"epoch": 34, "loss": -2.4}
{"epoch": 35, "loss": -2.5}
{"epoch": 36, "loss": -2.6}
{"epoch": 37, "loss": -2.7}
{"epoch": 38, "loss": -2.8}
{"epoch": 39, "loss": -2.9}
{"epoch": 40, "loss": -3.0}
{"epoch": 41, "loss": -3.0999999999999996}
{"epoch": 42, "loss": -3.2}
{"epoch": 43, "loss": -3.3}
{"epoch": 44, "loss": -3.4000000000000004}
{"epoch": 45, "loss": -3.5}
{"epoch": 46, "loss": -3.5999999999999996}
{"epoch": 47, "loss": -3.7}
{"epoch": 48, "loss": -3.8}
{"epoch": 49, "loss": -3.9000000000000004}
{"epoch": 50, "loss": -4.0}
{"epoch": 51, "loss": -4.1}
{"epoch": 52, "loss": -4.2}
{"epoch": 53, "loss": -4.3}
{"epoch": 54, "loss": -4.4}
{"epoch": 55, "loss": -4.5}
{"epoch": 56, "loss": -4.6}
{"epoch": 57, "loss": -4.7}
{"epoch": 58, "loss": -4.8}
{"epoch": 59, "loss": -4.9}
{"epoch": 60, "loss": -5.0}
{"epoch": 61, "loss": -5.1}
{"epoch": 62, "loss": -5.2}
{"epoch": 63, "loss": -5.3}
{"epoch": 64, "loss": -5.4}
{"epoch": 65, "loss": -5.5}
{"epoch": 66, "loss": -5.6}
{"epoch": 67, "loss": -5.7}
{"epoch": 68, "loss": -5.8}
{"epoch": 69, "loss": -5.9}
{"epoch": 70, "loss": -6.0}
{"epoch": 71, "loss": -6.1}
{"epoch": 72, "loss": -6.2}
{"epoch": 73, "loss": -6.3}
{"epoch": 74, "loss": -6.4}
{"epoch": 75, "loss": -6.5}
{"epoch": 76, "loss": -6.6}
{"epoch": 77, "loss": -6.7}
{"epoch": 78, "loss": -6.8}
{"epoch": 79, "loss": -6.9}
{"epoch": 80, "loss": -7.0}
{"epoch": 81, "loss": -7.1}
{"epoch": 82, "loss": -7.199999999999999}
{"epoch": 83, "loss": -7.300000000000001}
{"epoch": 84, "loss": -7.4}
{"epoch": 85, "loss": -7.5}
{"epoch": 86, "loss": -7.6}
{"epoch": 87, "loss": -7.699999999999999}
{"epoch": 88, "loss": -7.800000000000001}
{"epoch": 89, "loss": -7.9}
{"epoch": 90, "loss": -8.0}
{"epoch": 91, "loss": -8.1}
{"epoch": 92, "loss": -8.2}
{"epoch": 93, "loss": -8.3}
{"epoch": 94, "loss": -8.4}
{"epoch": 95, "loss": -8.5}
{"epoch": 96, "loss": -8.6}
{"epoch": 97, "loss": -8.7}
{"epoch": 98, "loss": -8.8}
{"epoch": 99, "loss": -8.9}
{"epoch": 100, "loss": -9.0}
{"epoch": 101, "loss": -9.1}
{"epoch": 102, "loss": -9.2}
{"epoch": 103, "loss": -9.3}
{"epoch": 104, "loss": -9.4}
{"epoch": 105, "loss": -9.5}
{"epoch": 106, "loss": -9.6}
{"epoch": 107, "loss": -9.7}
{"epoch": 108, "loss": -9.8}
{"epoch": 109, "loss": -9.9}
{"epoch": 110, "loss": -10.0}
{"epoch": 111, "loss": -10.1}
{"epoch": 112, "loss": -10.2}
{"epoch": 113, "loss": -10.3}
{"epoch": 114, "loss": -10.4}
{"epoch": 115, "loss": -10.5}
{"epoch": 116, "loss": -10.6}
{"epoch": 117, "loss": -10.7}
{"epoch": 118, "loss": -10.8}
{"epoch": 119, "loss": -10.9}
{"epoch": 120, "loss": -11.0}
{"epoch": 121, "loss": -11.1}
{"epoch": 122, "loss": -11.2}
{"epoch": 123, "loss": -11.3}
