{"epoch": 1, "loss": 0.9}
{"epoch": 2, "loss": 0.8}
{"epoch": 3, "loss": 0.7}
{"epoch": 4, "loss": 0.6}
{"epoch": 5, "loss": 0.5}
{"epoch": 6, "loss": 0.4}
{"epoch": 7, "loss": 0.30000000000000004}
{"epoch": 8, "loss": 0.19999999999999996}
{"epoch": 9, "loss": 0.09999999999999998}
{"epoch": 10, "loss": 0.0}
{"epoch": 11, "loss": -0.10000000000000009}
{"epoch": 12, "loss": -0.19999999999999996}
{"epoch": 13, "loss": -0.30000000000000004}
{"epoch": 14, "loss": -0.3999999999999999}
{"epoch": 15, "loss": -0.5}
{"epoch": 16, "loss": -0.6000000000000001}
{"epoch": 17, "loss": -0.7}
{"epoch": 18, "loss": -0.8}
{"epoch": 19, "loss": -0.8999999999999999}
{"epoch": 20, "loss": -1.0}
{"epoch": 21, "loss": -1.1}
