{"epoch": 1, "train_loss": 0.9, "val_loss": 1.9}
{"epoch": 2, "train_loss": 0.8, "val_loss": 0.8}
{"epoch": 3, "train_loss": 0.7, "val_loss": 0.7}
{"epoch": 4, "train_loss": 0.6, "val_loss": 0.6}
{"epoch": 5, "train_loss": 0.5, "val_loss": 0.5}
{"epoch": 6, "train_loss": 0.4, "val_loss": 0.4}
{"epoch": 7, "train_loss": 0.30000000000000004, "val_loss": 1.3}
{"epoch": 8, "train_loss": 0.19999999999999996, "val_loss": 0.19999999999999996}
{"epoch": 9, "train_loss": 0.09999999999999998, "val_loss": 0.09999999999999998}
{"epoch": 10, "train_loss": 0.0, "val_loss": 0.0}
{"epoch": 11, "train_loss": -0.10000000000000009, "val_loss": -0.10000000000000009}
{"epoch": 12, "train_loss": -0.19999999999999996, "val_loss": -0.19999999999999996}
{"epoch": 13, "train_loss": -0.30000000000000004, "val_loss": -0.30000000000000004}
{"epoch": 14, "train_loss": -0.3999999999999999, "val_loss": -0.3999999999999999}
{"epoch": 15, "train_loss": -0.5, "val_loss": -0.5}
{"epoch": 16, "train_loss": -0.6000000000000001, "val_loss": -0.6000000000000001}
{"epoch": 17, "train_loss": -0.7, "val_loss": -1.7}
{"epoch": 18, "train_loss": -0.8, "val_loss": -0.8}
{"epoch": 19, "train_loss": -0.8999999999999999, "val_loss": -0.8999999999999999}
{"epoch": 20, "train_loss": -1.0, "val_loss": -1.0}
{"epoch": 21, "train_loss": -1.1, "val_loss": -0.10000000000000009}
{"epoch": 22, "train_loss": -1.2000000000000002, "val_loss": -0.20000000000000018}
{"epoch": 23, "train_loss": -1.2999999999999998, "val_loss": -1.2999999999999998}
{"epoch": 24, "train_loss": -1.4, "val_loss": -1.4}
{"epoch": 25, "train_loss": -1.5, "val_loss": -1.5}
{"epoch": 26, "train_loss": -1.6, "val_loss": -0.6000000000000001}
{"epoch": 27, "train_loss": -1.7000000000000002, "val_loss": -1.7000000000000002}
{"epoch": 28, "train_loss": -1.7999999999999998, "val_loss": -1.7999999999999998}
{"epoch": 29, "train_loss": -1.9, "val_loss": -1.9}
{"Training completed": true}
